{
"am": "Amane",
"ar": "Arakune",
"az": "Azrael",
"bl": "Bullet",
"bn": "Bang",
"ca": "Carl",
"ce": "Celica",
"es": "Es",
"ha": "Hakumen",
"hb": "Hibiki",
"hz": "Hazama",
"iz": "Izayoi",
"jn": "Jin",
"kg": "Kagura",
"kk": "Kokonoe",
"lc": "Litchi",
"ma": "Mai",
"mi": "Izanami",
"mk": "Makoto",
"mu": "Mu-12",
"no": "Noel",
"no2": "HatNoel",
"nt": "Naoto",
"ny": "Nu-13",
"pt": "Platinum",
"ph": "Nine",
"rc": "Rachel",
"rg": "Ragna",
"rl": "Relius",
"rm": "Lambda-11",
"su": "Susano'o",
"ta": "Takemikazuchi",
"tb": "Tsubaki",
"tg": "Tager",
"tk": "Taokaka",
"tm": "Terumi",
"vh": "Valkenhayn",
"ea": "EA_CHAR",
"e0": "E0_CHAR"
}
