{
"ahe": "Heart",
"ad": "Adachi",
"ag": "Aegis",
"ak": "Akihiko",
"uak": "Akatsuki",
"am": "Amane",
"pam": "Ken",
"ar": "Arakune",
"az": "Azrael",
"bl": "Bullet",
"rbl": "Blake",
"ubl": "Blitztank",
"bn": "Bang",
"bc": "Yu",
"ca": "Carl",
"uca": "Carmine",
"ce": "Celica",
"pce": "Chie",
"ct": "CT_CHAR",
"el": "Elizabeth",
"es": "Es",
"ha": "Hakumen",
"go": "Gordeau",
"hb": "Hibiki",
"he": "Heart",
"hi": "Hilda",
"hy": "Hyde",
"hz": "Hazama",
"iz": "Izayoi",
"pjb": "Junpei",
"jn": "Jin",
"ka": "Kanji",
"kg": "Kagura",
"kk": "Kokonoe",
"ku": "Teddie",
"la": "Labrys",
"lc": "Litchi",
"li": "Linne",
"ls": "ShadowLabrys",
"ma": "Mai",
"me": "Merkava",
"mi": "Izanami",
"pmi": "Mitsuru",
"umi": "Mika",
"mk": "Makoto",
"mr": "Marie",
"mu": "Mu-12",
"no": "Noel",
"no2": "HatNoel",
"na": "Naoto",
"nb": "SHO",
"ne": "Neo",
"no": "Sho",
"nt": "Naoto",
"nx": "Margaret",
"ny": "Nu-13",
"or": "Orie",
"pt": "Platinum",
"ph": "Nine",
"rc": "Rachel",
"rg": "Ragna",
"rb": "Ruby",
"ri": "Rise",
"rl": "Relius",
"rm": "Lambda-11",
"se": "Seth",
"su": "Susano'o",
"ta": "Takemikazuchi",
"tb": "Tsubaki",
"tg": "Tager",
"tk": "Taokaka",
"tm": "Terumi",
"va": "Vatista",
"vh": "Valkenhayn",
"wa": "Waldstein",
"wi": "Weiss",
"yk": "Yukari",
"yo": "Yousuke",
"yn": "Yang",
"yu": "Yukiko",
"ym": "Yumi",
"uyu": "Yuzuriha",
"ea": "EA_CHAR",
"e0": "E0_CHAR",
"jb": "Jubei"
}
